<?xml version="1.0"?>
<preset>

<description/>

<settings>
<intro/>
<comments>0</comments>
<requiredentries>0</requiredentries>
<requiredentriestoview>0</requiredentriestoview>
<maxentries>0</maxentries>
<rssarticles>0</rssarticles>
<approval>0</approval>
<manageapproved>1</manageapproved>
<defaultsortdir>0</defaultsortdir>
<defaultsort>0</defaultsort>
</settings>

<field>
<type>text</type>
<name>Name</name>
<required>0</required>
</field>

<field>
<type>text</type>
<name>Wunschberufe</name>
<required>0</required>
</field>

<field>
<type>textarea</type>
<name>Begr&#xFC;ndung</name>
<required>0</required>
<param2>30</param2>
<param3>10</param3>
<param4>1</param4>
<param5>0</param5>
</field>

<field>
<type>date</type>
<name>Anfang1</name>
<required>0</required>
</field>

<field>
<type>date</type>
<name>Ende1</name>
<required>0</required>
</field>

<field>
<type>text</type>
<name>Beruf1</name>
<required>0</required>
</field>

<field>
<type>textarea</type>
<name>Kontakt1</name>
<required>0</required>
<param2>35</param2>
<param3>10</param3>
<param4>1</param4>
<param5>0</param5>
</field>

<field>
<type>multimenu</type>
<name>Praktikumstage1</name>
<required>0</required>
<param1>Mo
Di
Mi
Do
Fr</param1>
</field>

<field>
<type>date</type>
<name>Anfang2</name>
<required>0</required>
</field>

<field>
<type>date</type>
<name>Ende2</name>
<required>0</required>
</field>

<field>
<type>text</type>
<name>Beruf2</name>
<required>0</required>
</field>

<field>
<type>textarea</type>
<name>Kontakt2</name>
<required>0</required>
<param2>35</param2>
<param3>10</param3>
<param4>1</param4>
<param5>0</param5>
</field>

<field>
<type>multimenu</type>
<name>Praktikumstage2</name>
<required>0</required>
<param1>Mo
Di
Mi
Do
Fr</param1>
</field>

<field>
<type>date</type>
<name>Anfang3</name>
<required>0</required>
</field>

<field>
<type>date</type>
<name>Ende3</name>
<required>0</required>
</field>

<field>
<type>text</type>
<name>Beruf3</name>
<required>0</required>
</field>

<field>
<type>textarea</type>
<name>Kontakt3</name>
<required>0</required>
<param2>35</param2>
<param3>10</param3>
<param4>1</param4>
<param5>0</param5>
</field>

<field>
<type>multimenu</type>
<name>Praktikumstage3</name>
<required>0</required>
<param1>Mo
Di
Mi
Do
Fr</param1>
</field>

<field>
<type>date</type>
<name>Anfang4</name>
<required>0</required>
</field>

<field>
<type>date</type>
<name>Ende4</name>
<required>0</required>
</field>

<field>
<type>text</type>
<name>Beruf4</name>
<required>0</required>
</field>

<field>
<type>textarea</type>
<name>Kontakt4</name>
<required>0</required>
<param2>35</param2>
<param3>10</param3>
<param4>1</param4>
<param5>0</param5>
</field>

<field>
<type>multimenu</type>
<name>Praktikumstage4</name>
<required>0</required>
<param1>Mo
Di
Mi
Do
Fr</param1>
</field>

<field>
<type>date</type>
<name>Anfang5</name>
<required>0</required>
</field>

<field>
<type>date</type>
<name>Ende5</name>
<required>0</required>
</field>

<field>
<type>text</type>
<name>Beruf5</name>
<required>0</required>
</field>

<field>
<type>textarea</type>
<name>Kontakt5</name>
<required>0</required>
<param2>35</param2>
<param3>10</param3>
<param4>1</param4>
<param5>0</param5>
</field>

<field>
<type>multimenu</type>
<name>Praktikumstage5</name>
<required>0</required>
<param1>Mo
Di
Mi
Do
Fr</param1>
</field>

<field>
<type>date</type>
<name>Anfang6</name>
<required>0</required>
</field>

<field>
<type>date</type>
<name>Ende6</name>
<required>0</required>
</field>

<field>
<type>text</type>
<name>Beruf6</name>
<required>0</required>
</field>

<field>
<type>textarea</type>
<name>Kontakt6</name>
<required>0</required>
<param2>35</param2>
<param3>10</param3>
<param4>1</param4>
<param5>0</param5>
</field>

<field>
<type>multimenu</type>
<name>Praktikumstage6</name>
<required>0</required>
<param1>Mo
Di
Mi
Do
Fr</param1>
</field>

<field>
<type>date</type>
<name>Anfang7</name>
<required>0</required>
</field>

<field>
<type>date</type>
<name>Ende7</name>
<required>0</required>
</field>

<field>
<type>text</type>
<name>Beruf7</name>
<required>0</required>
</field>

<field>
<type>textarea</type>
<name>Kontakt7</name>
<required>0</required>
<param2>35</param2>
<param3>10</param3>
<param4>1</param4>
<param5>0</param5>
</field>

<field>
<type>multimenu</type>
<name>Praktikumstage7</name>
<required>0</required>
<param1>Mo
Di
Mi
Do
Fr</param1>
</field>

<field>
<type>date</type>
<name>Anfang8</name>
<required>0</required>
</field>

<field>
<type>date</type>
<name>Ende8</name>
<required>0</required>
</field>

<field>
<type>text</type>
<name>Beruf8</name>
<required>0</required>
</field>

<field>
<type>textarea</type>
<name>Kontakt8</name>
<required>0</required>
<param2>35</param2>
<param3>10</param3>
<param4>1</param4>
<param5>0</param5>
</field>

<field>
<type>multimenu</type>
<name>Praktikumstage8</name>
<required>0</required>
<param1>Mo
Di
Mi
Do
Fr</param1>
</field>

<field>
<type>date</type>
<name>Anfang9</name>
<required>0</required>
</field>

<field>
<type>date</type>
<name>Ende9</name>
<required>0</required>
</field>

<field>
<type>text</type>
<name>Beruf9</name>
<required>0</required>
</field>

<field>
<type>textarea</type>
<name>Kontakt9</name>
<required>0</required>
<param2>35</param2>
<param3>10</param3>
<param4>1</param4>
<param5>0</param5>
</field>

<field>
<type>multimenu</type>
<name>Praktikumstage9</name>
<required>0</required>
<param1>Mo
Di
Mi
Do
Fr</param1>
</field>

<field>
<type>date</type>
<name>Anfang10</name>
<required>0</required>
</field>

<field>
<type>date</type>
<name>Ende10</name>
<required>0</required>
</field>

<field>
<type>text</type>
<name>Beruf10</name>
<required>0</required>
</field>

<field>
<type>textarea</type>
<name>Kontakt10</name>
<required>0</required>
<param2>35</param2>
<param3>10</param3>
<param4>1</param4>
<param5>0</param5>
</field>

<field>
<type>multimenu</type>
<name>Praktikumstage10</name>
<required>0</required>
<param1>Mo
Di
Mi
Do
Fr</param1>
</field>

<field>
<type>date</type>
<name>Anfang11</name>
<required>0</required>
</field>

<field>
<type>date</type>
<name>Ende11</name>
<required>0</required>
</field>

<field>
<type>text</type>
<name>Beruf11</name>
<required>0</required>
</field>

<field>
<type>textarea</type>
<name>Kontakt11</name>
<required>0</required>
<param2>35</param2>
<param3>10</param3>
<param4>1</param4>
<param5>0</param5>
</field>

<field>
<type>multimenu</type>
<name>Praktikumstage11</name>
<required>0</required>
<param1>Mo
Di
Mi
Do
Fr</param1>
</field>

<field>
<type>date</type>
<name>Anfang12</name>
<required>0</required>
</field>

<field>
<type>date</type>
<name>Ende12</name>
<required>0</required>
</field>

<field>
<type>text</type>
<name>Beruf12</name>
<required>0</required>
</field>

<field>
<type>textarea</type>
<name>Kontakt12</name>
<required>0</required>
<param2>35</param2>
<param3>10</param3>
<param4>1</param4>
<param5>0</param5>
</field>

<field>
<type>multimenu</type>
<name>Praktikumstage12</name>
<required>0</required>
<param1>Mo
Di
Mi
Do
Fr</param1>
</field>

<field>
<type>date</type>
<name>Anfang13</name>
<required>0</required>
</field>

<field>
<type>date</type>
<name>Ende13</name>
<required>0</required>
</field>

<field>
<type>text</type>
<name>Beruf13</name>
<required>0</required>
</field>

<field>
<type>textarea</type>
<name>Kontakt13</name>
<required>0</required>
<param2>35</param2>
<param3>10</param3>
<param4>1</param4>
<param5>0</param5>
</field>

<field>
<type>multimenu</type>
<name>Praktikumstage13</name>
<required>0</required>
<param1>Mo
Di
Mi
Do
Fr</param1>
</field>

</preset>
